{
  "project_info": {
    "project_number": "301239049256",
    "project_id": "students-registration-eaf4f",
    "storage_bucket": "students-registration-eaf4f.appspot.com"
  },
  "client": [
    {
      "client_info": {
        "mobilesdk_app_id": "1:301239049256:android:8ea5ab420c25b27209691d",
        "android_client_info": {
          "package_name": "com.example.students_registration"
        }
      },
      "oauth_client": [
        {
          "client_id": "301239049256-usgqmcg3td1cudgpinqv2of2dgqskllh.apps.googleusercontent.com",
          "client_type": 3
        }
      ],
      "api_key": [
        {
          "current_key": "AIzaSyAgaHw8cuUN1w6CErl-uRrfTquJfk5Mj-w"
        }
      ],
      "services": {
        "appinvite_service": {
          "other_platform_oauth_client": [
            {
              "client_id": "301239049256-usgqmcg3td1cudgpinqv2of2dgqskllh.apps.googleusercontent.com",
              "client_type": 3
            }
          ]
        }
      }
    }
  ],
  "configuration_version": "1"
}